model,MAE,RMSE,Within±20
MeanPredictor,47.240073924794096,55.85571072149815,0.22926267281105991
Ridge,27.597990352120387,33.72292560556236,0.41993087557603687
