fold,train_engines,val_engines,MAE,RMSE,Within±20
1,66,34,23.737062481303845,32.772026843571595,0.5481084816030403
2,67,33,33.35301244692937,49.77124839682863,0.48687171792948236
3,67,33,27.258291412249047,39.33601709839948,0.5391110403058786
