bucket,count,MAE,MedianAE
0-25,2600,5.199286658034807,3.226101190476186
25-50,2500,17.407741800163727,10.38723660714286
50-100,5000,28.643698650550842,22.64867013888894
100-200,7356,27.733142595223676,23.46749882756137
200+,1275,99.25567675546675,94.30692559523806
